{
  "files": [
    {
      "filepath": "/home/user/vietscript/packages/parser/src/__bench__/parser.bench.ts",
      "groups": [
        {
          "fullName": "packages/parser/src/__bench__/parser.bench.ts > parser end-to-end (regex baseline)",
          "benchmarks": [
            {
              "id": "1166627732_0_0",
              "name": "parse tiny (129 chars)",
              "rank": 1,
              "rme": 0,
              "samples": []
            }
          ]
        }
      ]
    },
    {
      "filepath": "/home/user/vietscript/packages/parser/src/__bench__/tokenizer.bench.ts",
      "groups": [
        {
          "fullName": "packages/parser/src/__bench__/tokenizer.bench.ts > tokenizer (regex baseline)",
          "benchmarks": [
            {
              "id": "-1068277940_0_0",
              "name": "tokenize tiny (129 chars)",
              "rank": 1,
              "rme": 1.1426219639578934,
              "samples": [],
              "totalTime": 500.33317099999954,
              "min": 0.4448810000001231,
              "max": 1.2078570000001037,
              "hz": 1964.6908439736467,
              "period": 0.5089859318413017,
              "mean": 0.5089859318413017,
              "variance": 0.008654820571585425,
              "sd": 0.0930312881324634,
              "sem": 0.002967237270752279,
              "df": 982,
              "critical": 1.96,
              "moe": 0.005815785050674467,
              "p75": 0.5024739999998928,
              "p99": 0.8974330000000919,
              "p995": 0.955120000000079,
              "p999": 1.2078570000001037,
              "sampleCount": 983,
              "median": 0.4800920000000133
            },
            {
              "id": "-1068277940_0_1",
              "name": "tokenize medium (1777 chars)",
              "rank": 3,
              "rme": 0.6302605202939511,
              "samples": [],
              "totalTime": 516.6511870000006,
              "min": 19.24686200000042,
              "max": 20.44344299999989,
              "hz": 50.324088387316465,
              "period": 19.871199500000024,
              "mean": 19.871199500000024,
              "variance": 0.09610086164718201,
              "sd": 0.3100013897504042,
              "sem": 0.06079627444531513,
              "df": 25,
              "critical": 2.06,
              "moe": 0.12524032535734916,
              "p75": 20.03240300000016,
              "p99": 20.44344299999989,
              "p995": 20.44344299999989,
              "p999": 20.44344299999989,
              "sampleCount": 26,
              "median": 19.872763499999905
            },
            {
              "id": "-1068277940_0_2",
              "name": "tokenize keywordHeavy (2511 chars)",
              "rank": 4,
              "rme": 0.5495901106494003,
              "samples": [],
              "totalTime": 506.61291200000005,
              "min": 27.58257700000013,
              "max": 28.69541799999979,
              "hz": 35.53008534452829,
              "period": 28.14516177777778,
              "mean": 28.14516177777778,
              "variance": 0.09673706615570357,
              "sd": 0.3110258287597729,
              "sem": 0.07330949088006712,
              "df": 17,
              "critical": 2.11,
              "moe": 0.15468302575694162,
              "p75": 28.271655999999894,
              "p99": 28.69541799999979,
              "p995": 28.69541799999979,
              "p999": 28.69541799999979,
              "sampleCount": 18,
              "median": 28.091197499999907
            },
            {
              "id": "-1068277940_0_3",
              "name": "tokenize stringHeavy (1410 chars)",
              "rank": 2,
              "rme": 0.6673262731198819,
              "samples": [],
              "totalTime": 500.565410000002,
              "min": 6.132623999999851,
              "max": 7.134853000000021,
              "hz": 149.83056859641923,
              "period": 6.674205466666693,
              "mean": 6.674205466666693,
              "variance": 0.037456074319165325,
              "sd": 0.193535718458287,
              "sem": 0.02234757982993992,
              "df": 74,
              "critical": 1.993,
              "moe": 0.044538726601070264,
              "p75": 6.781645000000026,
              "p99": 7.134853000000021,
              "p995": 7.134853000000021,
              "p999": 7.134853000000021,
              "sampleCount": 75,
              "median": 6.676206999999977
            },
            {
              "id": "-1068277940_0_4",
              "name": "tokenize large (14262 chars)",
              "rank": 5,
              "rme": 1.1911127448688184,
              "samples": [],
              "totalTime": 8981.281721999996,
              "min": 888.0166659999995,
              "max": 939.8688099999999,
              "hz": 1.1134268258732618,
              "period": 898.1281721999997,
              "mean": 898.1281721999997,
              "variance": 223.66456306729435,
              "sd": 14.955419187281056,
              "sem": 4.729318799439242,
              "df": 9,
              "critical": 2.262,
              "moe": 10.697719124331565,
              "p75": 896.0057759999981,
              "p99": 939.8688099999999,
              "p995": 939.8688099999999,
              "p999": 939.8688099999999,
              "sampleCount": 10,
              "median": 893.9150835
            }
          ]
        }
      ]
    }
  ]
}