{
  "files": [
    {
      "filepath": "/home/user/vietscript/packages/parser/src/__bench__/parser.bench.ts",
      "groups": [
        {
          "fullName": "packages/parser/src/__bench__/parser.bench.ts > parser end-to-end (regex baseline)",
          "benchmarks": [
            {
              "id": "1166627732_0_0",
              "name": "parse tiny (129 chars)",
              "rank": 1,
              "rme": 0,
              "samples": []
            }
          ]
        }
      ]
    },
    {
      "filepath": "/home/user/vietscript/packages/parser/src/__bench__/tokenizer.bench.ts",
      "groups": [
        {
          "fullName": "packages/parser/src/__bench__/tokenizer.bench.ts > tokenizer",
          "benchmarks": [
            {
              "id": "-1068277940_0_0",
              "name": "tokenize tiny (129 chars)",
              "rank": 1,
              "rme": 1.141015862752919,
              "samples": [],
              "totalTime": 500.00185199994417,
              "min": 0.0020930000000589644,
              "max": 0.7843789999999444,
              "hz": 299578.8903598236,
              "period": 0.003338018906468684,
              "mean": 0.003338018906468684,
              "variance": 0.000056562894653669586,
              "sd": 0.007520830715663635,
              "sem": 0.0000194323087880098,
              "df": 149789,
              "critical": 1.96,
              "moe": 0.000038087325224499204,
              "p75": 0.003083000000060565,
              "p99": 0.013623999999936132,
              "p995": 0.020438999999896623,
              "p999": 0.03829700000005687,
              "sampleCount": 149790,
              "median": 0.0024290000001201406
            },
            {
              "id": "-1068277940_0_1",
              "name": "tokenize medium (1777 chars)",
              "rank": 3,
              "rme": 1.2727299895304194,
              "samples": [],
              "totalTime": 500.0366130000066,
              "min": 0.03256499999997686,
              "max": 1.0443820000000414,
              "hz": 21186.448601114455,
              "period": 0.04719998234849977,
              "mean": 0.04719998234849977,
              "variance": 0.0009951855316763752,
              "sd": 0.03154656132887347,
              "sem": 0.0003064940461236842,
              "df": 10593,
              "critical": 1.96,
              "moe": 0.0006007283304024209,
              "p75": 0.05080900000029942,
              "p99": 0.12844799999993484,
              "p995": 0.15704199999981938,
              "p999": 0.545332000000144,
              "sampleCount": 10594,
              "median": 0.037829999999985375
            },
            {
              "id": "-1068277940_0_2",
              "name": "tokenize keywordHeavy (2511 chars)",
              "rank": 4,
              "rme": 1.2775559544495476,
              "samples": [],
              "totalTime": 500.01672599998346,
              "min": 0.040463000000272586,
              "max": 1.1820819999998093,
              "hz": 18065.395676384433,
              "period": 0.055354447691794914,
              "mean": 0.055354447691794914,
              "variance": 0.0011759389410946788,
              "sd": 0.03429196613049008,
              "sem": 0.00036080818496897254,
              "df": 9032,
              "critical": 1.96,
              "moe": 0.0007071840425391862,
              "p75": 0.05822900000021036,
              "p99": 0.13829299999997602,
              "p995": 0.17417199999999866,
              "p999": 0.578490000000329,
              "sampleCount": 9033,
              "median": 0.04572200000029625
            },
            {
              "id": "-1068277940_0_3",
              "name": "tokenize stringHeavy (1410 chars)",
              "rank": 2,
              "rme": 1.1398010880120715,
              "samples": [],
              "totalTime": 500.08148599995,
              "min": 0.010930999999800406,
              "max": 0.9104910000000928,
              "hz": 67796.95099530918,
              "period": 0.014749925849455817,
              "mean": 0.014749925849455817,
              "variance": 0.0002494460350087862,
              "sd": 0.015793860674603477,
              "sem": 0.00008577541597605673,
              "df": 33903,
              "critical": 1.96,
              "moe": 0.00016811981531307117,
              "p75": 0.013374000000112574,
              "p99": 0.04493300000012823,
              "p995": 0.05427600000029997,
              "p999": 0.08798699999988457,
              "sampleCount": 33904,
              "median": 0.01170300000012503
            },
            {
              "id": "-1068277940_0_4",
              "name": "tokenize large (14262 chars)",
              "rank": 5,
              "rme": 1.6847795453088072,
              "samples": [],
              "totalTime": 500.3381490000138,
              "min": 0.2647550000001502,
              "max": 1.21205800000007,
              "hz": 2808.1008869862553,
              "period": 0.35611256156584614,
              "mean": 0.35611256156584614,
              "variance": 0.013165123286550166,
              "sd": 0.11473937112669812,
              "sem": 0.0030610773446615356,
              "df": 1404,
              "critical": 1.96,
              "moe": 0.005999711595536609,
              "p75": 0.3726120000001174,
              "p99": 0.8343439999998736,
              "p995": 0.9964389999995547,
              "p999": 1.1970249999994849,
              "sampleCount": 1405,
              "median": 0.3244280000008075
            }
          ]
        }
      ]
    }
  ]
}