{
  "files": [
    {
      "filepath": "/home/user/vietscript/packages/parser/src/__bench__/parser.bench.ts",
      "groups": [
        {
          "fullName": "packages/parser/src/__bench__/parser.bench.ts > parser end-to-end (regex baseline)",
          "benchmarks": [
            {
              "id": "1166627732_0_0",
              "name": "parse tiny (129 chars)",
              "rank": 1,
              "rme": 0,
              "samples": []
            }
          ]
        }
      ]
    },
    {
      "filepath": "/home/user/vietscript/packages/parser/src/__bench__/tokenizer.bench.ts",
      "groups": [
        {
          "fullName": "packages/parser/src/__bench__/tokenizer.bench.ts > tokenize tiny (129 chars)",
          "benchmarks": [
            {
              "id": "-1068277940_0_0",
              "name": "regex",
              "rank": 2,
              "rme": 1.5350840371170378,
              "samples": [],
              "totalTime": 500.0193509999999,
              "min": 0.4276030000000901,
              "max": 1.3723669999999402,
              "hz": 1769.931500111083,
              "period": 0.5649936169491524,
              "mean": 0.5649936169491524,
              "variance": 0.017329359925297418,
              "sd": 0.13164102675570946,
              "sem": 0.0044250647063860315,
              "df": 884,
              "critical": 1.96,
              "moe": 0.008673126824516621,
              "p75": 0.5542259999999715,
              "p99": 1.0561989999998787,
              "p995": 1.1007520000000568,
              "p999": 1.3723669999999402,
              "sampleCount": 885,
              "median": 0.5261639999998806
            },
            {
              "id": "-1068277940_0_1",
              "name": "fsm",
              "rank": 1,
              "rme": 0.6133533190779474,
              "samples": [],
              "totalTime": 500.00123599994686,
              "min": 0.002124999999978172,
              "max": 0.4388850000000275,
              "hz": 364125.0998827918,
              "period": 0.0027463088930751818,
              "mean": 0.0027463088930751818,
              "variance": 0.000013447134783211087,
              "sd": 0.0036670335126926623,
              "sem": 0.000008594171810106872,
              "df": 182062,
              "critical": 1.96,
              "moe": 0.000016844576747809467,
              "p75": 0.00261000000000422,
              "p99": 0.005317999999988388,
              "p995": 0.0074489999997240375,
              "p999": 0.023729999999886786,
              "sampleCount": 182063,
              "median": 0.0025460000001658045
            }
          ]
        },
        {
          "fullName": "packages/parser/src/__bench__/tokenizer.bench.ts > tokenize medium (1777 chars)",
          "benchmarks": [
            {
              "id": "-1068277940_1_0",
              "name": "regex",
              "rank": 2,
              "rme": 3.524667752133275,
              "samples": [],
              "totalTime": 518.7961389999991,
              "min": 19.4718170000001,
              "max": 28.74305000000004,
              "hz": 48.188485072746545,
              "period": 20.751845559999964,
              "mean": 20.751845559999964,
              "variance": 3.139571992830767,
              "sd": 1.7718837413416173,
              "sem": 0.35437674826832344,
              "df": 24,
              "critical": 2.064,
              "moe": 0.7314336084258196,
              "p75": 20.659483999999793,
              "p99": 28.74305000000004,
              "p995": 28.74305000000004,
              "p999": 28.74305000000004,
              "sampleCount": 25,
              "median": 20.37862300000006
            },
            {
              "id": "-1068277940_1_1",
              "name": "fsm",
              "rank": 1,
              "rme": 0.6624735904903833,
              "samples": [],
              "totalTime": 500.0035550000025,
              "min": 0.03033499999992273,
              "max": 0.5823090000003504,
              "hz": 26333.812766591098,
              "period": 0.03797399217741342,
              "mean": 0.03797399217741342,
              "variance": 0.0002169123830559907,
              "sd": 0.014727945649546331,
              "sem": 0.00012835085175012654,
              "df": 13166,
              "critical": 1.96,
              "moe": 0.000251567669430248,
              "p75": 0.036670999999842024,
              "p99": 0.06638299999985975,
              "p995": 0.0816330000002381,
              "p999": 0.2839810000000398,
              "sampleCount": 13167,
              "median": 0.035983999999643856
            }
          ]
        },
        {
          "fullName": "packages/parser/src/__bench__/tokenizer.bench.ts > tokenize keywordHeavy (2511 chars)",
          "benchmarks": [
            {
              "id": "-1068277940_2_0",
              "name": "regex",
              "rank": 2,
              "rme": 1.7877956419477135,
              "samples": [],
              "totalTime": 515.2327339999997,
              "min": 29.07310099999995,
              "max": 33.27790499999992,
              "hz": 32.99479803625988,
              "period": 30.307807882352925,
              "mean": 30.307807882352925,
              "variance": 1.1105087871830166,
              "sd": 1.053806807333781,
              "sem": 0.2555856926842411,
              "df": 16,
              "critical": 2.12,
              "moe": 0.5418416684905911,
              "p75": 30.90304600000036,
              "p99": 33.27790499999992,
              "p995": 33.27790499999992,
              "p999": 33.27790499999992,
              "sampleCount": 17,
              "median": 30.187858000000233
            },
            {
              "id": "-1068277940_2_1",
              "name": "fsm",
              "rank": 1,
              "rme": 0.6175740445255259,
              "samples": [],
              "totalTime": 500.0284290000027,
              "min": 0.04476100000010774,
              "max": 0.5986629999997604,
              "hz": 20106.856764337987,
              "period": 0.04973427779988091,
              "mean": 0.04973427779988091,
              "variance": 0.0002468973565791904,
              "sd": 0.015712967783941722,
              "sem": 0.00015670713822667616,
              "df": 10053,
              "critical": 1.96,
              "moe": 0.00030714599092428527,
              "p75": 0.047118000000409666,
              "p99": 0.0876379999999699,
              "p995": 0.10085900000012771,
              "p999": 0.3146649999998772,
              "sampleCount": 10054,
              "median": 0.04607899999973597
            }
          ]
        },
        {
          "fullName": "packages/parser/src/__bench__/tokenizer.bench.ts > tokenize stringHeavy (1410 chars)",
          "benchmarks": [
            {
              "id": "-1068277940_3_0",
              "name": "regex",
              "rank": 2,
              "rme": 0.7766105799152846,
              "samples": [],
              "totalTime": 503.6576939999986,
              "min": 6.501181999999972,
              "max": 7.724500999999691,
              "hz": 142.95423430978144,
              "period": 6.995245749999981,
              "mean": 6.995245749999981,
              "variance": 0.05341669000115708,
              "sd": 0.2311205096938761,
              "sem": 0.027237813279305165,
              "df": 71,
              "critical": 1.9945,
              "moe": 0.05432581858557415,
              "p75": 7.049482999999782,
              "p99": 7.724500999999691,
              "p995": 7.724500999999691,
              "p999": 7.724500999999691,
              "sampleCount": 72,
              "median": 6.967653500000324
            },
            {
              "id": "-1068277940_3_1",
              "name": "fsm",
              "rank": 1,
              "rme": 0.5493915324505317,
              "samples": [],
              "totalTime": 500.00108399988767,
              "min": 0.01133399999980611,